,Run_Time,Train_RMSE,Validation_RMSE,delta%
LR,1.2451932430267334,0.48132643404491904,0.29366407285125234,-38.988584029472484
LR_l2,0.11070442199707031,0.4813437353334714,0.2943665270894386,-38.844840914881
LR_l1,0.16256356239318848,1.1133132449463545,1.566715196796367,40.72546104235559
LR_en_0.25,8.505532264709473,1.3351462323028753,0.8916851994439411,-33.214416678092824
LR_en_0.5,5.504352807998657,1.3537710035180068,1.162897807392946,-14.099370988818944
LR_en_0.75,5.060010671615601,1.3270911834781909,1.410176523413012,6.2607107159782025
