,Run_Time,Train_AUC,Validation_AUC,delta%
LR,0.047869205474853516,0.9052824195468031,0.9010457516339869,-0.46799405592534515
LR_l2,0.026928424835205078,0.9052714265691364,0.9010396241830065,-0.46746227285310993
LR_l1,0.2832610607147217,0.905257969648199,0.9009783496732027,-0.4727514276024013
LR_en_0.25,0.37241291999816895,0.9052678254212797,0.901064133986928,-0.46435886886794864
LR_en_0.5,0.1689283847808838,0.905266403915547,0.9010437091503268,-0.46645879566012594
LR_en_0.75,0.12868213653564453,0.9052634661370326,0.9010191993464053,-0.46884326490480666
